age	although	days	emotional	fan	feel	golden	jim	lord	loving	reeves	relaxed	singers	vouch
back	blessing	came	convince	december	granted	greatest	hope	later	leave	lou	marry	mary	nam	nd	pray	reality	receive	served	st	tour	viet
wherever
close	elvis	king	number	place	taking
anytime	begin	bet	future	generation	goes	hit	ill	new	play	radio
father	jim	reeves	remember	used	young
beared	coffin	crematorium	fathers	favorites	into	late	meaning	played	songsinger	special	top	tribute
albums	along	australia	boxer	college	daddy	eric	generation	grandma	grandpa	guess	hes	jim	least	maybe	mine	mr	mummy	next	presented	reeves	sir	top	well	which	wonderful
again	elvis	entertainment	nothing
blues	country	elvis	rhythm	rock	roll	soul
baby	blow	guaranteed	mind	part	roller	steam
absolutely	elvis	forever	lord	made	off	showing
different	enjoy	familys	generations	quality	true
favorite	forever
anytime	distant	drums	emotionsespecially	eved	jim	overcome	reevesand	teary
die	every	madebeautiful	mother	played	sounds	word
country	lovey	singers
melts	prepare	rocker	sound	usually
absolutely	appreciate	boast	brilliant	days	element	enjoyed	jim	least	older	posting	thanks	yes
across	appreciation	first	innocent	ive	jim	live	long	reeves	reminds	rightly	thread	united	us
boy	elder	favorites	girl	interpretation	little	mother	number	plausible	put	raise	says	sisters	someone	three	tom	treat	whose	wig
boy	brought	early	girl	knew
boy	favorite
anyone	around	audio	autobiography	book	erudite	fantastic	id	pete	petes	rather	reading	recommend	right	spoken	well
another	away	calling	dear	different	distant	drums	favorite	flowing	gone	jim	meaning	mums	oh	reeves	shes	sound	takes	tears
classic	drumming	known	lifts	little	sensational
before	rhythm	wow
changed	controlling	four	mine	name	parents	three
asked	cant	childhood	friends	mom	seen	something	started	stop
along	beatles	classic	dylan	even	over	played	stones
album	doubt	greatest	handedly	single	story	tommy	unbelievable	weird	work
barry	brilliant	done	mix	motown	orchestra	palmer	reminds	robert	songits	toowouldve	unlimited	whites
back	builds	crescendo	favorites	magnificent	matched	rarely
band	broken	fell	first	hearted	hit	home	road
alive	appreciate	around	back	cut	enjoy	enthusiastic	folks	grown	hardly	magic	meaning	oh	play	playing	short	something	talking	through	uhh	wanna
anyone	beat	cant	classic	does	drummer	find	thanks
arrangements	arrangers	background	classics	credit	deserved	dramatic	orchestrators	pop	powerful	probably	sharing	work	youth
before	dropped	found	go	let	trailer	week
cause	must	other	parents	phones
called	camels	desert	east	go	job	let	lol	makes	middle	parts	saw	side	till	trailer	wondered
days	hears	songits	words
look	mom	told
elvis	forever	live	long	miss	singers
along	cry	emotion	every	family	king	live	long	makes	pics	single
generation	generations	lived	prefer
before	guess	late	leave	someone	tell	us
away	because	care	chance	girl	give	hard	keep	lost	met	ones	pushing	satisfied	showing
able	fulfill	gentle	go	left	lisa	marie	princilla	sadi	soul	started	wrong
elvis	jackson	michael	presley	see
favorite	greatestalways	loss	singerawesome
hes	ive
alone	because	cant	die	going	grew	hard	learned	little	probably	relationship	say	show	things	told	whenever	woman
barbiedolly	before	didnt	glich	little	maybe	meant
age	build	came	grade	memory	movie	nd	treasure	youth
attention	classicmy	joint	pay	relates	situationsthats
feel	given	helps	inspirational
bass	brothers	david	forget	funk	give	greatest	jamie	jamison	levi	marvin	motowns	others	smokey	stubbs	thanks	tops	troubled	underrated	voices
age	legend	power	seventeen	soul	vocal	young
davis	goes	maybe	primary	school	son	spencer	steve	teacher	well	while	winwood	wrote
age	believe	hes	said	someone	therehard
blow	id	tried	tune
black	hes	natural	soul	thing
arent	band	popular	recognized	shame	smashing
comments	idea	read	stevie	until	winwood
absolutely	excellence	gold	line	masterpiece	memories	phenomenal	pure	solid	sound	standard	talent	top
appreciated	beyond	few	invent	machine	please	realize	somebody	soulful	steve	teens	under	virtuoso	younger
ago	aint	long	nothing	nowadayspeace	thinkwowthere	touch
case	first	give	point	rest	shot	told
discover	fabulous	group	often	share	wow
adaline	age	ask	band	brought	daughter	enjoying	evening	movie	shes	viewing	youngest
bad	favorite	merles
before	executed	exists	family	home	past	reminiscing	tells
first	grandma	introduced	shall
laura	name	thomas	tommy	wifes
finest	hit	single	singles	stands
afterwords	happened	hit	lost	lovely	though	wonder
enjoy	relax
friend	keeps	laura	name
appreciate	shout	teens	tunes
brilliant	highlights	tragedy	well
because	coincidence	favourite	happens	laura	name	th
cheap	compilation	decent	id	laura	park	pictured	skank	trailer	until
adds	anymore	comfort	create	knowing	laura	maybe	personal	sorrow	thing
crap	grew	sort	words
created	forgotten	should
cases	finished	half	others	wrong
century	certainly	lady	shes	st	vintage	young
calmer	days	made	words
bear	name	seem
careful	entertainer	greatest	our	person	please	say	talking
concert	greatest	history
gorgeous	melt
called	king	known	underrated
delivery	face	hes	high	last	notes	part	satisfied	see	sings
american	artist	away	blues	doubt	greatest	heres	ive	james	lifetime	listened	may	maybe	mock	nothing	prolific	said	statement	take	taylor	taylors	thing	three	times	tune	white	writers	written
awesome	coolest	elvis	name	person	sung
live	once	seen
appears	concert	elvis	enjoying	fine	gone	over	priscilla	ride	year
certainly	earth	fella	gorgeous	however	imaging	left	lol	looking	mark	over	right	rolling	soon	stunning
awesome	blues	comparison	doubt	genres	incredible	mr	presley
beginning	forever	king	laughs	looks	side	thinking
background	bluesits	elvis	id	parody	period	playing
bluesy	comfortable	definitely	down	hes	low	roots	style
bless	elvis	forever	friend	greatest	miss
angel	artist	concerts	died	earththe	effort	eyes	godunique	handsome	mani	peace	rest	see	sufferience	voicegreatest	young
masterpiece	minutes	over	perfect	recoding	studio	wonder
againand	back	because	coming	else	elvis	forever	gone	keep	other	our	special	videoagain	videos
cover	elvis	forget	harmonica	key	making	played	songsoooolook	songtune
absolutely	bandelvis	bless	burton	entertainer	fantastic	forever	glen	greatest	hardin	heaven	james	over	tcb	vocalist	whats	yuo
fantastic	greatest	performance	whats
another	back	bone	brilliant	call	interpreter	liked	masterpiece	proof	together	work	wrong	yet
adore	biggest	elvis	handsome	history	hot	sexy
close	elvis	entertainer	greatest	peace	rest	see	sent
burton	elvis	james	must	over	rickey	rocks	stolen
compared	king	nothing	others	stealing
cant	fantastic	favorites	gold	perfect	pure
adam	backing	barry	faiths	john	made	orchestra	pizzicato	pop	records	strings	superb	technically	use	wasnt
aunts	born	elvis	emotion	genuine	grew	heartfelt	late	orbisons	preferred	raved	roy	sung	thought	uncles
based	bestknown	favorite	feeling	generation	performer	popularity	roy	solely	sure	talent	wouldve
soul	theres	todays	unlike
baritone	bass	complexing	sopranotenor	talented
alone	being	bit	depressed	feeling	listened	lonely	right	roy
classic	continue	enjoy	legacy	live	lonely	wil	work
agree	big	completely	converts	expression	feelings	into	stuff	thanks
artists	daughter	exposed	knew	loves	orbison	right	rock	roll	until	year
age	begin	hope	kind	which	wonderful	wow
bless	fantastic	missed	ones	rip	roy	young
away	bournemouth	brings	centrein	december	eyesby	first	forgotton	home	january	passed	pavillionwestover	rip	roadbournemout	roy	royyoull	start	tears	tourand	town	truly	uk	venue	waywhen
both	boys	burnt	cash	die	door	down	family	henderson	house	jr	location	looking	next	performer	person	roy	roys	sir	site	stood	tennessee	visited	wonderful	yes
classics	pleasure	stumble	upon
cherish	forever	forget	magnificent	orbison	roy
beat	late	period	searly	totally	unique
awesome	own	range	style
drinking	invent	live	machine	made	mediterranean	oh	please	self	want	wine
agree	back	live	wished
ago	assignment	english	homework	looked	minutes	searched
ago	away	cry	dare	feelings	germany	mum	passed	seldom	totally	two	understand	vulnerable
doesnt	folks	glad	hope	maybe	played	rock	roll	stuff	young
ago	album	baby	dig	ended	find	ill	long	moved	remember	sure	talking	through	youre
actually	back
country	wished
again	believe	country	junk	play	radio	rock	sirius	sucks	true	youtube
country	disc	gold	hank	locklin	recorded	selling	single	top
aint	classics	country	stuff
another	believe	cramer	delivery	distinctive	floyd	ivorys	legend	locklin	thats
anything	cant	classic	country	favorite	go	stand
dads	kind	mom	western
falling	school
banging	dad	incredible	kitchen	recordings
country	hits	infomercial	jukebox	tv
amen	blessing	everyone	knows	yet
classic	country	hank	hits	well
comment	funniest	lmao	saw	youtube
facebook	let	lie	liked	photo	post	ricky	shared	youtube
friend	girl	laura	young
bad	hates	laura	mood	shes	sister
after	grandparents	least	means	named	quite	something
background	barely	nowadays	words	wow
childhood	didnt	friends	grandpa	serious
fogerty	john
first	gladys	hearing	knightsfirst
john	over	right	tired
favorites	sharing
favorites	posting	shame	sure	used
awesome	country	dies
behind	childhood	favorite	screen	sharing
anybody	does	don	piano	posting	robertson	thanks
enjoy	posting	thanks	wonderful
cant	country	down	fans	fashioned	keep	post	see	thanks	young
advice	again	back	once	replying	sound
country	matter	pop	times
after	anyone	faithful	infidelity	losing	married	sentiment	temptation	true	uncomfortable
locklin	opinion	thats	well
nowadays	performance	rock	stars	used
country	taste
anymore	country	happened	isnt	mean	todays
days	hip	let	low	meaning	over	pop	rap	take
after	appreciate	ask	convinced	even	stone	times	transplant
dance	daughter
englebert	feel	feeling	friend	low	once
last	someone	special	waltz
also	forever	handsome	touching	woo
artist	became	explain	feelings	global	legend	star	start	suddenly	superstar	true	where	wonderful
brilliant	course	englebert	hes	sung	well
again	doc	fall	peace
cant	change	songsi
happy
actually	age	describes	golden	melody
darling	didnt
englebert
belongs	everyone	legend	loves	sang	true
dance	someday	wedding
after	compose	decades	memorable	nowadays	touching
around	brought	dancing	family	favorite	first	strickly
also	passed	same	whenever
genre	lover
amazingly	dance	feel	getting	makes	mesmerizing	musicit	scale	sharingjust	songsuch	superb	thx	undoubtedly	waltz	waltzon
ago	concert	days	dream	few	see	true
part
peace	romantic	sweetest	wow
break	everyday	lonely	start	wake	without
blasted	cassani	comes	course	engelbert	innamoro	into	italian	maro	melody	obscure	original	panzeri	parrot	quando	records	stratosphere
beauty	grandmother	pure	understand
artist	favorite	grew	moms
cousin	family	favorite	learn	our	yrs
existed	magnificent	voices
appeals	artists	classic	found	generations	modern	sung
forget	record	walked	wife
both	cloudy	freedom	mornings	ones	presence
appear	forever	mankind	ones	stay
age	describes	golden	socalled	us
classic	happened	romance	romantic
even	genre	meaning	nowadays	teen
arms	cause	hold	ive	loving	painful	till
grew	number	soulful	tired	voices
cloud	computing	lost	mans	thanks
classic	songthank	truly	uploading
again	break	everyday	sleep	try	wake	want
class	eurovision	rerecorded	should
days	looking	power	without
bless	care	family	hes	lovely	take	wife
irreplaceable	untouchable
elses	guys	off	please	profiting	someone	talent
cruel	ended	ironic	made	punishment	reckon	worlds	worst
lonely	without
beauty	broken	understand
again	anymore	appreciate	between	clip	days	each	every	everyone	far	feedback	few	hi	left	memories	messages	read	thanks	watched
class	crafted	massively	musicians	perfectly	performed	pop	underrated
big	catchy	harmonies	hum	intro	lovely	once	pop	proper	record	tune
guy	happy	singsgreat	tune
class	pop	written
feel	happy	january	th
classics	clubs	europe	germany	hey	honeymoon	messageam	our	play	scan	st	thanks	tips	weeks
comments	editing	posting	watching	worthwhilethanks
almost	ignore	impossible	intoxicating	intro	naturally
adele	eat	etc	harmonies	singers
classic	dance	hits	millions	should	soul
classic	intro	masterpiece	match
accurate	daughters	describing	elle	especially	every	grace	may	name	single	st	tune	written	yr
followup	harmonies	little	made	maker	number	trust	uk
intro	orchestration	ruins	tune	without
compose	guys
something	theres	wrong
appreciated	carolinas
dying	eh	slowly	words
vocals	words
consolation	early	far	find	hope	katharina	learn	loss	sorry	sweet
heaven	proper	ruby	singers	youtube
hit	should	usa
retarded
greatest	lady	teresa
brewer	evening	fantastic	hill	lovely	mockingbird	ms	spend	talented	woman
alongs	bird	brewer	covers	dinah	early	fords	hill	hits	instead	interpretation	into	late	les	lullaby	mary	millers	missed	mitch	mocking	original	pages	patti	paul	sang	shore	sixties	sleepy	something	teresa	using	wake	wrong
called	hill	mockingbird	place
americas	anymore	found	icon	rip	singers
another	recordings	wonderful
favorite	lady	lovely	mind	peace
cheezoid	complexlol	glad	likes	menow	something	superiority	used	wrong
again	miss	teresa
book	cant	dynamite	little	miss	oldies	replaced	singers	topped
gentle	loping	sweetest	versionteresa
docambra	give	notice	permission	remain	wont	wouldnt	youtube
earth	heaven	well
almost	billy	earth	handsome	sings	unbelievably
billy	copy	eckstine	gras	mardi
sarah	unique	vaughan	voices
gives	goosebumps	handsome	hes	lovely	play	youre
close	eyes	follow	perfect
another	billy	called	classic	eckstine	hit	single	timeless	top
handsome	heavenly	looks	met
another	exquisite	justice	mans	posting	remarkable	unique	words
posting	wonderful
male	recordings	sinatraphile	singerand	truly
billy	evera	fabulous	underrated
history	knew	lived	magic
exquisite	mandolin	piece	played
anybody	guy
renamed	rendition	should	wonderful	wow
bloodflesh	carlos	movie	played	thompson	tune	wonderful
difference	hearing	keep	romantic	true	tunes
baby	days	girl	granddaughter	nine
end	headslap	makes	musical
became	before	crap	enough	everywhere	long	played	radio	respectable	rock	roll	used
naughty	pop	should
environmental	file	impact	statement	town	whirl
scary
everyone	lot	should
ads	belong	came	care	donald	epic	greeted	group	hillary	message	pissed	political	trump
away	breath	exercise	literally	needs	says	son	takes
adult	adultchildren	adults	back	beings	bringing	brought	consider	future	given	hands	human	incredibly	instead	into	lies	names	new	playthings	scary	stupid	whose
baby	parents	told
baby	days	door	exactly	favorite	guy	new	next	nine	told
cell	download	put	where
back	insinuations	lyric
boo	go	pop	pure	rock	roll	white
believe	cant	dislike	new
connotations	days	different	lady	lane	naughty	shady	well
almost	couple	favorite	first	lady	lovely	met	often	play	rip	ruby	times
accident	bike	came	died	friend	jimmy	motor	name	scary	story	year
friend	goodbye	jimmy	tell
because	channel	found	guessing	jerry	posted	said	vale
ago	commented	didnt	figured	first	jerry	long	seems	vale	where	yes
dance	daughter	go	living	loves	room	says	sway	swing	weak	year
highest	leave	startled	volume
after	apart	arte	because	being	called	couple	el	en	fantastic	heaven	met	show	ti	us	used	work	writer
anyone	legendary	na	name	please	singers	type
english	first	go	later	learn	said	say	sway	thought	weak
chocolate	cigar	coffee	cuban	disturbing	draw	faster	imagination	need	partner	without
cases	few	language	new	original	translation	where
tech	us
bit	dancing	dean	down	favorite	feel	headphones	pretend	put
new	versions	year
before	father	lately	listened	sang	sometimes	which
bubles	dean	martins	michael	original	prefer	spanish
bottle	carnations	champaign
curtis	discovering	least	photo	pleasant	resembles	thanks	tony	youtube
backing	being	dickie	didnt	looking	melodic	need	singers	true	valentine	well
new	performance	terrific
big	charismatic	couple	crown	door	frankie	green	hitstower	hotelgilmortonuk	local	original	sang	strength	vaughan
called	certain	comment	dickie	elvis	find	frankie	further	guy	international	male	mr	poll	presley	previous	running	slot	taking	top	uk	valentine	vaughan	vocalist	vocalists	voted
billy	flowed	fury	isnt	right	though	totally	unacceptable
billy	furys	predating
charts	listed	marchapril	popular	uk	us
channel	congratulation	discover	france	hello	pleasure	sharing	sincerely
ancient	break	enjoy	hearti
mans	stops	texting	whose
every	form	greetings	play
done	original	release	well
actress	anyone	first	tell
fantastic	forgot	gorgeous	hello	woman
almost	bring	eyes	tears
actor	believe	crowd	end	first	image	movie	tragic
covered	mean
course	seen
alive	anymore	brenda	buried	ending	forever	forgotten	generation	happy	historical	lee	new	shes	sironaca	youtube
inverted	men	nowadays	once	upon	women
because	enjoy	even	everyday	last	treat
departs	everything	fades
emotional	feel
another	greatest	oh	same
around	end	meaning	same	which	worldher
anything	done	everyone	forgets	help	hoping	lol	meaningful	might	outstanding	pay	person	put	repay	say	sees	selected	shots	single	thats	together	wanted	work
brenda	lee	thanks	youtube
came	crap	felt	holy	next	right	serious
seen	tube
actors	index	interesting	movies	see
relevant	wow
change	communicate	fans	knowledge	lady	language	little	sironaca	voices	without	wonderful
effect	enough	funny	including	relationships
over
go	magic	sway	technique	weak
bless	dean	martin	may	soul	wonderful
dance	down	failing	fight	headphones	platform	train	trying	urge	waiting	walk	xd
gold	pure
bs	democrat	everytime	sound	spewing	starts	violins
because	darkness	different	flower	guess	interpret	light	rising	sun	talk	things	words
child	especially	fantastic	young
attraction	beauty	faces	full	natural
appreciate	green	listener	sings	youtube
artist	birds	clip	mean	movie	shes	showing	sings	snow	stars	storm	sung	theres	two
during	hanged	lived	lol	mind	probably	racism	remember	sometime
big	every	girl	little	single	understand	word
heartbreak	makes	pain	sound	suckers
handsome	look	past	present
romantic
davis	difference	feeling	least	made	makes	original	puts	seeing	skeeter
days	intelligent	later	pretty	women
wonderful
cherish	every	moment	reason	should
screen	silver	stars	thanks
again	although	bogged	breaks	down	everything	feels	live	recover	relationship	says	takes	things	true	young
actors	brilliant	compilation	compliments	genius	greatest	hard	pure	screen	silver	sironaca	work
able	add	addition	age	alan	barrymore	being	clift	credit	dean	didnt	extra	few	ford	glen	golden	half	hollywood	james	john	ladd	list	men	montgomery	movie	name	offhand	over	past	picture	rerunning	shown	someone	sophia	spencer	stars	stills	stumped	though	tracy	veronica	wayne	well	without	women	wonderful
let
ability	express	meaning	point	things	unable	understand
also	belief	first	nothing	reflects	without
advance	anyone	comment	corresponding	does	movies	pictures	please	tag
cause	feel	incredible	ive	kind	living	makes	missing	released	saying
planet	thought
blessing	divine	eternal	grace	hard	our	promise	receive	recognition	reward	see	selves	through	waiting	welbeing	welfare	work	working
anything	doing	sounded
automatically	bethesda	fallout	gaming	personally	playing	started	thanks	until
goodnight	listened	thankfully
gold	recommended	youtube
actress	anyone	background	cigarette	clip	does	glass	hand	holds	name	over	photo
anything	broken	hearts	help	hurting	mendedi	sorry
brenda	collection	dopamine	hit	however	lee	little	otherwise	outstanding	place	seems	singers	worlds
names	photos	posted	recognized
assured	forgotten	list	rest	restore	sorry
slides	stars
go	iconic	images	ive	job	movies	perfect	seen	sironaca	special	thats
emotion	full	loving	person	true	yes
blame	boring	cookie	crop	cutter	duration	emotion	entire	fry	mph	overuse	singers	teachers	theyre	vocal	young
came	experienced
actresses	distinguish	gone	look
actress	anyone	close	dark	does	face	featured	haired	half	see	through	youtube
angel	anyone	dynamite	little	men	miss	onepeace	second	sent	us	voices	women
emotion	interpretation	lot	songthis	woman	wowgreat
angelim	dreamingsome	human	mewake	slap
expressions	face	fits	new	pictures	put	story	tell	whole
around	chen	end	genuinely	peter	sung	touching
briefly	feeling	glad	joy	leave	left	shared	us
moments
absolutely	gutwrenching	hit	ive	lot	monumental	quite	sang	sorry	unusual	which
arrangement	distraction	huge	images	jumping	poor
brilliant	changes	even	everyone	feel	happen	happened	lost	makes	things	thinking
beforewords	touching	wonderful
full	give	melancholy	sorrow	use
devastated	does	feels	stops	times	yet
believe	dynamite	few	little	modern	perform	superb
couples	heavenly	legends	overlapped	screen
again	kind	melody	performance	unbelievable
anymore	barely	brenda	every	favorites	fifteen	goodness	heartstrings	herself	hit	home	lee	list	reality	sang	set	sure	torch	understood	younger
asking	bless	dear	friends	offering	our	protect	wherever
absolutely	brings	eyes	makes	see	story	tears
apart	meaningful	movie	powerful	soundtracks	understand	youll
compared	garbage	lot	singers	todays	total
affair	ends	moment	separated	yes
between	fantastic	frames	off	putting	strange	sure	transition
brenda	emotion	feeling	full	heaven	lady	sounds	tire
emotional	goddard	paulette
brilliant	choir	classic	ear	left	lovely	middle	million	perfect	piano	right	stereo	strings
against	battle	ensues	glorious	gun	last	makes	misunderstood	stand	tyranny	vigilante
actress	fantastic	woman
flows	opinion	original
almost	classy	describe	every	horny	nowadays	rebellious	songromantic	story	which
called	dynamiteshes	lil	miss	thats
brenda	brings	davis	does	emotion	job	originally	same	skeeter	sung
cant	greats
anyone	certainly	does	film	fits	star	superb	well
almost	every	female	rockroll	vocal
anybody	cute	recognize	unforgettable	woman
child	comfortable	command	concert	deliver	ease	effortlessly	flat	presence	prodigy	seemed	signature	special	vibrato	vocalist
again	baby	boomer	doubt	era	experience	lovely	ones	post	sadly	same	seem	shame	war	yes	young
add	black	coupled	days	easily	effect	enhance	gone	hey	long	lovely	magic	moodier	pace	photographs	plaintive	sadder	slower	sparkle	white
audio	create	say	wonderful
books	english	learn	messages
either	grandpa	send	wow
commercial	hilariousgood	samsung	somehow	until	which
happy	makes	older	retarded	sound	turn	wonder
glory	jeans	morning	put	soon	wakes
funny	gets	jackson	legend	michael	played	radio	regarded	though
also	back	behind	co	crap	crowd	himself	history	knew	look	made	plus	rest	sadly	sell	stage	tunes	which	wrote
cds	days	dustbin	gary	glitter	into	over	probably	throwing
gang	leader	lol	want
everybodys	excuse	honest	liking	rest	theyre	us
care	don	done	remains	same
committed	crime	discussing	enjoy	sick	without
funky	gen	instruments	parents	used	wow
being	cool	exceptions	few	find	frankly	made	meaningful	nowadays	performed	rhythm	seventies	significance	signified	something	sort	times	tunes
black	brothers	community	group	living	moving	perform	shows	stay	swoon	talent	tavares
amazingly	classic	gorgeous	titans
certain	every	scene	supernatural
car	fire	see	star	titans	waking
india	kind	series	titans
fade	taking
around	mom	playing	right	sharing	thanks
ive	structured
curious	living	members	original	tavares
bought	happy	supernatural	yeah
angel	around	creation	foundation	moral	our	principle	reason	us	values	wings
dance	dancing	disco	era
after	angel	arm	around	beegees	beethoven	boat	couples	cruise	dancing	disco	elaborate	even	fever	fifth	fires	gorgeous	happy	heaven	imagination	instrumentalonly	kissing	lot	missing	must	night	princess	romantic	saturday	say	sea	see	ship	shoulder	though	walking
cannot	handsome	look	over	sound	stil	wereand
age	classicgolden	pleasure	priceless
band	college	drum	excellent	hornsi	line	percussion	perform	show	thiswhat
days	die	honestly	kind	lol	masterpiece
gold	matter	remain	timeless
comment	eyes	future	ill	leave	see	tears
crying	eyes	killing	tears
earth	heaven	shine	shined	ya
born	others
falling	rain
awakened	dream	played	scared	vivid
cant	cry	hold	legends	makes	myself
came	least	played	times
carpenters	classic	even	gets	perfect	privilege	representation
bag	beaten	being	birds	cat	morning	natural	paper	singers	singingunlike	sounds	spring	talentthe	todaywhose	type	voicepure	wake
expensive	iconized	something
born	browsing	father	found	teenager	while	year
controls	each	note	notes	quality	should	sound	unimaginable
born	year
blocks	box	comments	hey	move	please	sort	texting	youtube
clear	english	every	karen	mother	nowadays	pronunciation	rare	sings	tongue	understand	which	word
breaking	cry	part	where
bit	cry	hell	little	makes	mean	surely
abroad	appreciate	english	find	first	happy	looking	lyric	spend	studying	understand	without
bless	comment	family	may	read	wonderful
crying	damn	feel	girl	kinds	likes	reincarnated
backing	born	enjoy	oh	sometimes	vocals
butter	cant	describe	honey	over	running
calmnesshappiness	comes	every	feeling	smile	songyou
autotuned	back	era	form	funny	generations	grandparents	introduction	lest	listened	listeners	look	parents	say	todays	true	truer	youth
because	choir	glad	head	learn	lol	stuck
close	different	eyes	yesterday
ones	remains
daughter	likes
art	artists	brilliant	develop	given	millions	over	piece	pleasure	vocal
clear	colorful	die	karen	unique	young
goes	memory
became	cause	crush	favourite	friends	go	home	knowing	name	outand	repeat	search	talking	thanks	without
before	biggest	carpenter	effortless	far	favorite	go	inspiration	karen	own	performing	practice	pure	recordings	use
after	born	clearly	creation	credit	documentary	even	geniuses	gift	given	iconic	learned	responsible	style	success	two	watching
down	female	greatest	hands
days	nonsense	timeless
cruel	darkness	short	surrender
bad	billboard	brown	kept	leroy	pop	possibly	pretty	rock	slot	stupid	written
another	believe	combination	credit	depressing	deserved	duo	emotion	emotions	feeling	female	go	guess	hits	imagine	into	musicians	passed	personally	probably	put	relate	richard	said	sang	through	times	truth	well
makes	timelove	wonderful
artist	break	forever	kind	live
attention	bring	disease	disorder	eating	even	foundation	lost	name	needs	passed	prevalent	question	should	society	soon	superstars	todayits	tragedy	two
coursebut	drum	famous	oh	splendid	track	work
appreciated	cant	first	game	may	movie	recall	reference	where
anyone	please	share	similar
already	dare	even	into	tears	watching
friend	mean	sounds
before	car	door	drive	hang	movie	movies	play	sounds	speaker	window
asleep	crying	fell	little	play	sister	started
brings	ironic	lovely	must	tears	voices
anyway	likes	listens	mom	sings
attention	beating	bless	clean	crap	draw	garbage	karen	live	others	resort	themselves	without
ages	describe	emotion	feeling	perfection	smooth
seen
eyes	few	others	tears	touches	typing
detailed	evergreen	everything	moving	musics	quickrip
album	anyone	bought	dad	early	far	go	lot	mother	single	singles	touch	vocals
darn	eyes	onions	put	running
future	hope	lookbacks	memories	service
admit	days	generation	grew	ill	part	wasnt
however	put	soul
because	grandparents	hanging	kind	parents
alone	happened	hiphop	our	put	rap	together
cover	feedback	give	hope	made
bankrupt	brother	hope	lived	off	problem	see
after	background	chorus	comma	half	melody	name	noticed	piano	riff	says	shines	sings	st	whats
disliked	taste
classic	forever	peoples	truly
imitated	once	resonance	totally	unique
gave	speak	team	themselves	us	wonderful
clear	crystal	else	melancholy	recreate	remarkable
casper	change	key	made	recorded	ride	ticket
dear	friend	weekend	wishes	wonderful
anyone	laugh	liking	makes	thought
artist	beautifully	cant	fantastic	female	find	match	written
absolutely	devastating	down	loss	sends	shivers	spine	us
affluence	disturbing	era	made	masterpiece	richness	state	things	valued
excited	knows	night	same	say	thats	thing	thought	want	work
industry	loss	tragic	unique	voices
bloody	drums	era	fantastic	heartfelt	lost	play	pretty	problem	recluse	sadly	say	soulful	unheard	wanted
meta	realized	something
age	birth	death	perception	sorrow	suffering
almost	apologize	came	charge	completely	discharged	phone	preserve
around	aroundfurther	bankrupt	becomes	being	billion	billionslawyers	business	carlos	comes	companypeter	concern	concerns	director	dollar	fallthat	friend	go	goes	hindsking	holders	invest	managing	nothing	share	suicidewhat	zulusbarbados
age	height	left	prime	talented	us	young
anymore	singers	timeless	truly	wonder
another	behind	clear	damn	effortless	ended	enjoy	karen	left	lot	rip	seemed	soon	taken	woman
able	arranged	brother	crafted	credit	enough	gets	quieted	repackage	richard	shame	soon	wonderfully
before	soul	touches
anymore	bad	childhood	theres	thing
bought	btw	carefully	curios	daughter	doll	dollars	find	googled	indeed	karachi	listened	loops	low	pakistan	part	preset	quality	rupees	sound	where	words
close	feeling	five	happy	into	matter	seconds	tears
body	every	herlove	melodious	sings	sweeter
act	allergies	died	everytime	eyes	lose	start	watering
asking	blacklane	bolt	boot	car	class	even	fresh	into	off	pie	sense	shove	singalong	steamer	well
america	another	comment	nam	play	played	radio	saw	viet
being	couldnt	depressed	done	everything	fixed	help	nothing	sadder	undo	wished	yourself
awakening	chopin	cried	ending	kate	last	minutes	monday	reading	straight	while
latina	mixedrace	pretty
child	house	incredible	shes	sounds	track	wow
accent	although	dc	girl	lol	moan	southern
disco	even	fresh	house	often	shows	sounds	timeless
back	bell	concerning	end	fashionable	guess	hair	same	shape	times	wow
black	either	fantastic	first	girl	mixed	race	thought
attempts	dead	declined	disco	july	lived	rapidly	revival	short	totally
especially	feel	feeling	happier	itsliverpool	liverpool	low	making	track	tune
age	doing	done	dream	gifted	lot	tender	well	where	wonder	young
age	anyone	before	business	couldnt	dance	hair	hairher	mess	million	oh	other	popular	presence	retired	seen	show	showed	stage	things	wasnt
adorable	also	beyond	complexity	nuance	yet
after	also	band	because	being	due	enough	full	fully	hits	knew	lived	long	made	maybe	mostly	popular	problem	rated	say	see	stay	together	underappreciated	underrated	understand	yes
another	beautythats	black	blow	call	channel	didnt	english	few	into	laugh	longer	playing	staves	super	thing	though	tire	tony	windy	wold
another	beatles	cares	clearly	conversation	harmonies	history	hollies	level	match	part	regard	same	took	vocal
ahead	around	end	go	guys	harbor	hey	horn	instinctively	into	kinds	laugh	looking	looks	noticed	often	ships	things	towards	turns	wondered	yes
band	being	clapping	crazy	everyone	fantasize	going	guys	laugh	playing	told
anybody	before	beginning	both	came	else	familiar	first	following	hearing	hey	hollies	ive	melody	might	miles	mindsmemoriesears	other	parallel	see	seems	versa	vice	where	whispering	whos	wondering	wrote
attention	before	course	ive	paid
actually	attack	future	herbert	hitler	next	novels	predict	predicting	predictions	pretty	series	shape	soviet	start	things	tried	union	wells	went	where	wrong	wrote	wwii
band	commented	gas	kid	register	station	stopped	store	systemso	tune	wasshe	yesterdayand
bad	band	camera	deserved	dominates	equal	especially	face	instruments	lead	members	other	played	recognition	since
agree	british	grew	invasion	matter	person
anyone	brilliant	compare	cooler	future	guys	may	soldiers	tomorrow	without
already	biography	crossed	fans	few	making	mind	sureonly	tell	themselves	two	write
afraid	answer	cant	expert	give	guitarist	looks	may	right	straight
anybody	beatles	cant	else	elvis	getting	greatinfluential	into	likes	once	saw	sounding	started	stopthey	themi	thingironically	tunes	type
actually	admit	away	before	blown	embarrassed	first	listened	long	took
audience	checked	doc	doesnt	dream	every	girl	hypnotizes	might	need	puts	race	seen	single	state
after	anyone	back	birthapparently	died	dude	end	go	gospel	jesse	late	named	resemblence	seen	striking	tomorrow	true	twin
elders	gives	headache	honest	nowadays
agree	because	crap	elvis	gang	garbage	go	gonna	gucci	king	let	magnificent	new	person	please	replace	right	rolex	rude	seriously	sounds	wait
beach	dance	dream	hawaii	partner	wanna
selling	single	th	worldwide
because	born	circle	comment	generation	jerk	kids	ones	section	smart	theyre	thing	wrong	youtube
artists	century	guys	mail	medal	recognizable	special	sure	th	want	wow
carefully	kind	story	tells
brought	glad	guy	hearts	king	lived	lives	our
charming	mother	must	original	say	speak	tongue
age	alternative	basic	bold	compared	conclusion	currently	existent	experience	explicit	fossils	group	historic	however	id	illicit	isnt	modern	others	past	points	pretty	profane	realise	taste
another	evoke	evolution	milestone	response	si	similar	sure	year
creation	evergreen	melodious	romantic	sweet	wonderful
matter	repeated	same	times	tired
anymore	behind	being	broke	came	crazy	decide	dizzy	everytime	excitement	exciting	fear	ive	look	made	night	person	running	see	seen	star	stop	whats	yes
almost	change	feeling	gonna	months	nothings	read	remember	strong	wuv
boyfriend	first	husband	last	send	since	together	valentine
arent	bullshit	give	materialistic	thats	true	whats	wheres	written	wrong
down	gave	person	romantic	thumbs	want	wrong
anymore	appreciated	backup	because	change	era	especially	fool	going	having	incase	may	might	nothings	otherwise	plan	ready	sacred	thought	track	true	upload	via	without
afternoon	anyone	beach	breeze	california	cool	dress	faded	floaty	lady	late	levis	linen	refreshing	romantic	sand	shirt	suggestive	summer	walk	white
lady	say	says	true
fantastic	little	new	should	someone
days	gone	nothing
brains	deserves	despecio	humans	light	makes	outbeats	something	swift	taylor	trillion	views	wonder	wrong
away	breath	certain	gave	held	hug	hugs	mind	omg	takes	thinking	tight
back	fucking	getting	laid	looked	lot	mendes	shawn
changes	crucifix	lets	look	okay	shirt	three	times
certainly	focus	soft	sure	thats	where	without
during	especially	overplayed	perfect	weddings	whats
banger	believe	lovereal	matter	missing	whats	year
being	call	called	deserver	evergreen	happiest	moment	peoples	priceless	thats	thing	thousand
bad	believe	change	crying	feel	feelgod	going	makes	nothing	someone
everytime	favorite	forever	question	radio	touch	wow
born	era	feel	kids	lucky	nowadays	play	proud
bad	caught	change	detention	gonna	hes	lol	nothings	since	sings	teacher	wonder	youll
attractive	boy	couldve	dude	feel	huge	movie	natural	pinup	romantic	screen	seemed	side	soft	star	teenage	typical
ago	allnothing	change	feeling	gonna	lovei	lovely	loving	married	same	says	truly	wife
add	ago	couple	didnt	find	honest	idea	innocence	kid	may	seems	sung	until	weeks
benson	called	classified	emotion	feelings	george	glen	hed	hit	overall	popstars	pretty	sang	tune	wonder
attention	create	heartit	inside	live	snatched	taught	uncle
although	blue	budget	front	ive	lol	lowest	probably	screen	seen
almost	downhill	go	guess	guy	handsomecute	harder	looked	looks	middleaged	naturally	preserve	shouldve	though	typical	worked	young	youre
ages	anymore	cant	whats	wrong
born	came	even	though	wasnt	yet
again	believe	blessed	brightens	cant	face	feel	first	hard	ive	lost	may	melts	moon	send	stars	stop	sweet	thinking	thought	thoughts	wait	walker	wanna
complaining	first	go	guys	ill	stop
kind
chock	college	cool	curious	educator	emerge	era	full	hi	himself	imho	mederios	mr	ones	pop	prep	president	pretty	reinvent	romantic	school	went
behind	etc	gonna	modern	other	take
actually	days	looks	meant	something	videos
cry	everytime	funny	girlfriend	hope	makes	same
find	innocent	kind	where
beat	classic	millennium	romantic	songi	timeexcellent
exactly	innocent	right	says	simple	songeasy	wants	woman
country	currently	going	husband	meaningful	present	reduced	sent	tears	through	tough	whos	words
live	quite	record	sounds
aint	amenthe	anymore	gonna	muchthank	peace	performancealways	says	scott	shine	sun	talentrest
background	definitely	live	performed	sure	vocals
awesome	limitlessly	parallel	reincarnated	universe	want	where
after	another	beginning	cause	cockamame	dead	door	dream	idea	improvement	light	loving	lucky	mean	minute	move	our	rest	room	says	second	seeing	should	special	sure	true	tunnel	wait
group	live	sounds	studio	well
brothers	frankie	mind	must	original	recollection	slow	thinks	valli	walker	yes
fast	four	horrible	seasons	thinks
again	apparently	came	myself	need	supernatural	thought
anymore	gets	gonna	looking	lose	son	wife
arms	downy	easily	even	fore	hair	interesting	means	scotts	see	technology	tendons	todays	veins	vintage
again	along	appeared	associations	brothers	case	comes	didnt	info	interested	jim	live	mary	original	realize	recording	showthanks	smothers	sophisticated	technology	thanks	tube	where	yester	youre
appearances	artists	backup	band	didnt	easy	engineer	even	frequently	making	need	sound	studio	technique	tracks	used	werent	whenever
bass	cool	easy	echoed	emptinessits	excellent	four	going	innothing	line	losebut	lyric	miss	piano	place	seasons	spectorish	start	stuff	theres	win	youre
further	guys	made	should	sound	theme	voices
aint	also	among	anymore	arent	aware	beatles	brothers	charting	club	country	especially	fact	fan	girls	gonna	high	hit	larger	lead	less	new	number	particularly	popularity	reached	said	scott	shine	successful	sun	teenage	uk	us	vocalist	walker	well	which
brothers	december	does	frankie	justice	label	originally	recorded	released	single	smash	successful	valli	walker
end	keep	powerful	timeless	until
beyond	eternal	idea	theme
away	else	father	morning	nearly	passed	shine	smiling	somehow	sun	sure	thinking	track
agree	aint	alone	anymore	being	cant	company	favorite	funny	garbage	gonna	itunes	made	marin	mr	put	shine	stand	stands	sun	surname	trio	walker	wholeheartedly
america	american	band	britain	brothers	due	famous	history	made	may	righteous	walker
alike	artistically	because	both	brothers	confuse	deal	deserve	groups	magnificently	masterpiece	outstanding	probably	reason	respect	righteous	sound	sung	unforgettable	walker	wow
again	aloud	apt	every	four	listens	loving	second	sept	should	three	trick
gonna	head	ones	rings	shine	sun
ago	couple	era	every	fantastic	instruments	into	missed	posting	ran	somehow	thanks	voices	weeks
doomsday	favorite	knowing
clarity	depth	deteriorated	male	sounds	timber	vocalist
definitely	even	five	iti	tire	top
bad	create	didnt	enjoy	forever	greatest	history	master	musical	pieces	us	voices
break	crazy	drama	easy	meaning	take	yourself
dead	generation	gloriousforever	musicians	our	shared	us	wake
available	back	beautifully	classic	crafted	defining	equipment	era	given	haunting	moving	recording	sound
artists	fame	generation	lust	money	new	nowadays	sucks	todays	touching	write
each	listened	million	perfect	times
additional	away	blows	correct	drummer	fantastic	format	headphones	hearing	hidden	kan	magnificent	mind	off	our	player	presenting	production	ps	record	somewhere	stereo	thru	try	uk
captured	daysun	diedbeam	download	era	own	scottie	shined	since	sound	yetthey
company	create	intelligible	orchestrai	overwhelmed	record	vocals
awful	camera	clever	clip	considered	despite	irritating	microphone	obscuring	performance	perhaps	singers	work
brilliant	detract	difficult	elsewhere	imprinted	look	mind	once	seen	sound	tight	trousers
feeling	heregreat	innocence	kinds	little	original	pure	spirted	vocalsi
again	alltime	arrangement	because	compare	doesnt	every	favorite	few	harmony	past	perfect	super	todays	youll
ballads	brilliant	engel	full	given	masculine	melancholy	mid	pop	scott	throttle
before	going	keeping	pretty	ricky	watch
bass	bottom	does	home	miami	tell	well	whopper
back	bass	classics	early	era	florida	honestly	lock	mid	say	south	through	whole
agree	anything	ask	cookout	every	family	fits	genders	generation	greatest	hey	let	muchm	other	party	play	races	same	seemed	situation	tell	type	ya
beat	coincide	degrade	diss	downgrade	innovate	inspire	lost	made	motivate	na	need	purpose	sha	want
because	called	felt	men	our	soft	told	try	where	women
ago	bit	email	few	information	intended	little	lot	months	next	schedule	see	solely	weeks
age	classic	comments	dumb	exactly	may	means	nor	other	others	say	tomorrow	twice	whatever
age	await	ball	dudes	imagine	leo	less	masterpieces	natural	passed	pop	radioi	talent	tarts	wailing	written	young
enchanced	era	graphics	hd	simplistic	something	special	yet
end	happens	paint	pretty	wearing
after	came	cute	grandma	guy	smile	street	sweet	yes
after	amount	dog	included	lady	media	myself	powerful	seeing	source	sweet	twitter	unbelievable
after	came	chihuahua	chihuahuajack	dog	herman	intelligent	lola	loving	malinda	mix	owned	rescue	russell	say	sensitive	terrier
different	find	first	format	ive	prefer	seen	soothing
able	beauty	bottom	delivered	measure	message	tomorrow	twice	unfortunately	weight	word	youngsters
advance	chorus	goes	hard	httpsvocaroocomiscdswye	ive	melodica	months	off	remember	same	similar	something	starts	thanks	theres	trying
boyfriend	future	say	tell
over	special	young
after	came	girl	girlfriend	happened	marry	new	scruffy	unattractive	wonder	zealand
another	around	bulls	dance	days	epileptic	feels	guy	look	lot	seized
cars	clear	drive	late	night	relaxed	streets	tune	vibe
california	car	desert	driving	golden	imagine	moment	roadway	sunset	through	warm
dear	filmbut	permission	short	sir	use	want	youre
forget	gives	leo	memorable
boot	looking	talented	well
broadcast	classics	early	era	huge	other	pop	radio	streaming
art	care	generation	musics	part	signers	true
before	bit	breath	came	every	gather	sounds	take
another	cryam	guy	mean
else	gift	giving	goes	keeps	someone
cant	dance	dancing	friends	keep	mind	physically
another	elvis	guy	original	thought
annoying	assume	certainly	dancing	does	feel	himself	judging	leo	listenersviewers	sayer
crazy	eye	fell	full	insane	loud	sometime	sorrow	tears	unsaid
action	afro	apparent	background	bizarre	bob	down	entire	hot	painting	reason	ross	seriously	throughout
brought	daddys	dated	film	havent	herethis	home	instrumental	myself	sweet	thought	vintage	yeah	yearsc
adult	arranging	away	complete	couple	dozen	golden	later	made	melody	message	oldies	orchestration	other	outstanding	pull	simple	standards
countrify	course	may
dislike	hits	home	right	someone	understand
devices	digital	excellent	far	modern	produce	rely	singers	versions	which
arts	class	family	fan	future	happiness	health	legenda	light	luck	profmusical	softrocksing	thankyou	young
accepting	age	big	currently	dates	dudes	every	girl	guy	ha	hair	international	mean	pink	pretty	range	suit	want
cutting	doing	gifts	giving	making	pictures
absolutely	alltime	favorites	hearing	songand	tire
cup	extremely	isnt	melting	tea
around	boyfriends	brother	doormat	favorites	gonna	let	look	safe	sort	tell	though	use
care	clown	funny	guy	hospitals	kids	least	leo	nonetheless	others	sick	started	thats	thinks
going	himwould	knowbut	opening	painter	richard	simmons	softly	speaks	suggest	thathes	thing	videoseeing	wellor
afraid	feel	someone	tell
age	comes	dear	friend	glad	important
