angel	forgotten	kid	listened	mist
age	around	comforting	early	find	forgot	gentle	graduated	grew	grow	jesus	job	leave	little	loving	most	mr	no	people	pretensions	reeves	simple	smooth	sounds	sweet	think	town
everyday
appreciate	child	crybecause	death	fear	funerals	got	jim	over	reeves	reminded	rip	souls	touches	your
changes	didnt	do	jim	reeves	teenager	things
also	comes	feeling	jim	listened	nostalgic	puts	reeves	since	tunes
able	aisle	apcjust	babies	both	cry	dianne	down	drivergunner	foreboding	girlfriend	hawaii	herinducted	high	into	june	knowledge	laid	later	make	married	marry	might	months	oldtook	rpg	senior	texasmy	usmc	walk	wedding	year
also	before	charity	colour	concert	death	dvd	few	interviewed	jim	june	length	norway	only	picked	rare	shop	weeks
contents	follow	god	grew	heart	its	jim	lord	muslim	only	places	praise	praises	reeves	seen	sure	type	universal	well	words
grew	jim	lane	memory	reeves
cry	dance	favourites	grandfather	grandparents	hearing	jukebox	pub
fine	gentleman	jim	parents	player	record	tune	tunes
album	away	drift	im	jim	reeves	yr
early	england	fantastic	jim	john	listened	lot	reeves	singer
coming	heart
father	jim	kid	lps	player	record	reeves
born	by	everyone	missed	number	singer	well
remembering
children	comfort	lot	lovedplayed	parents	too
bring	candy	fond	jim	momma	oldies	over	overthese	such
if	known	only
away	dance	get	goosebumpsthis	has	mommy
being	cannot	child	furniture	gramaphone	grandparents	house	itself	jims	made	piece	replicated	rose	small	somehow	sound	such	suited	today	vacuum	valves	well	wood
away	both	boyi	each	everytime	god	hums	late	moms	too	way
almost	country	crash	death	forever	im	jim	live	plane	reeves	shattered	singers	untimely	world
army	home	jim	join	left	make	outshe	piece	player	record	reeves	sure	them	till	told	wore
amazing	country	get	over	peter	remind	served	thinking	while
boy	drinks	few	house	jim	live	long	only	party	reeves
captured	childhoodmy	died	everyone	favourite	hrs	jim	last	memoriesthank	mums	reliving	sadly	shares	shes	spent	such
about	away	correctly	crash	died	disc	if	jockey	mr	news	over	plane	reeves	said	wire
australia	away	blue	caught	child	hearing	husband	started	straight	sung	western	whilst	words
asked	both	father	going	gone	into	law	loving	mary	mother	name	people	them	war	world
gentleman	jim	mary	name	too	well
give	kid	more	soon	taken	too
awesome	bless	distant	drums	god	inverness	jim	jims	listened	since	singer	teens
genesis	punk	rock
cafe	little
away	cry	frequently	grandmother	grandmothers	hearing	listened	quite	september	since	singer	thinking	want
parents
andor	big	breakfast	bring	could	dean	does	early	fix	go	gosh	hank	jim	jimmy	jones	late	morning	nearly	pancakes	put	reeves	sausage	sunday	us	williams	wish
cash	granddad	jim	johnny	liked	reeves
arranged	beautifully	during	enough	era	kind	know	knowing	labor	live	lucky	musicthe	produced	real	record	sad	see	smile	well	written
childhoodloved	track
around	awesome	cheers	down	face	grin	lane	live	long	memory	other	trip	where
classic	do	hanging	theresure	throw
babe	been	god	husbands	joke	loveits	months	no	rip	since	use	yrs
brilliant	last	remind	wen	year
fell	gosh	oh	sweet	tune	youth
az	classic	gold	graffiti	jacks	koolfm	phoenix	posting	show	weekend	wolfman
most	thought
lady	north	oahu	shore	special	sunset	watching
attention	because	broke	choose	competing	growing	guy	heart	ladies	other	reconnected	turned
bawled	beatles	broke	checking	did	elvisloved	eyes	gatealways	get	guardhouse	lump	people	sight	throat	together	wife	work	your	youtube
elvis	everytime	funeral	grandma	head
everything	imagine	live	lyrics	side
been	broke	heart	later	loving	more	most	regret	relationship	ruined	should	transparent	woman
along	amazing	blessed	both	curled	deep	fathers	give	glad	lap	mary	most	receive	sat	shared	showing	sung	them	together	welsh	while
reminded	usa	which	youthful
baritoneheard	could	everytime	golden	growing	nostalgic	swoon	upand
adults	announcement	around	aunts	died	elvis	family	go	into	kitchen	shock	shocked	standing	too	tv	watching
child	rip	sweet
eyes	tears
alive	bought	motown	record	sound	well	yo
black	college	fantastic	group	guys	probably	soul	steve	teens	thought	winwood
fantastic	rock
boot	fantastic	mono	no	stereo	steve	winwood	year
sure	thats
francisco	san	way
died	laura	name	wifes
clearly	dancing	im	mama
everyday	hearts	laura	longer	mums	name	no	remains	us
depressing	early	id	kid	most	tape	thing	thinking
banger	cars	do	lorry	meeting	race	racing	way
away	cd	grandad	im	learned	listens	lost	sadly	words
como	italia	laura	turn
its	lovely	made	us	video	work
bring	changed	daughter	dont	even	eyes	growing	if	im	know	late	later	name	obviously	shes	stuck	tears	teens	thats	them	toddler	tunes	which
dads	favourite	last	lost	singers	year
absolutely	artist	come	grandfathers	jim	reeves
dear	distant	drums	jim	maybe	memory	reeves	unforgettable
banned	been	bonnie	lol	ocean	over	personally	sad	sadder	think
big	charts	hit	memorable	no	teenager	wander	weeks
lol
ask	bullshit	called	contact	courage	during	early	facebook	flowing	found	friends	girl	got	happily	joking	kids	later	laura	living	long	married	messages	met	part	plucked	separate	true	ways	went	year
blackstone	crossroads	laura	lived	where	wonder
child	oh	such	use
forgeti	gonna	jim	memoriesis	sad
along	grandad	grandparents	hearing	jim	nan	reeves	rip
been	different	experienced	head	lot	shoulders	things	wish	younger
bring	yesterday
caretaker	embarrassing	everyday	find	men	need	sang	sweet	tommy	usually
about	also	been	choice	completely	composure	couldnt	favorites	funeral	grandads	guess	hit	home	id	incheck	kept	lost	mary	melancholy	more	named	nan	over	peaceful	perfect	quite	relatively	service	soon	started	thinking	throughout	too	uplifting	us	utterly	which	year
chronic	constant	danced	dancing	engaged	got	husband	jim	live	mining	no	over	pain	reevesi	worked	world
age	alive	brought	father	feelings	kid	living	lot	man	parents	prime	teen	younger
alive	lord	take
about	acknowledge	also	anita	anna	before	damn	depending	few	gf	grocery	hadnt	hooked	house	id	into	knows	last	live	maciaswho	might	moment	more	mother	mothers	name	oct	or	ran	rd	reconnected	see	store	think	tv	watched	whether	year
around	elvis	king	late	let	mother	stay	talk	true	watch
believe	hard	less	than
bedroom	deep	elvis	etc	forget	here	looks	oldie	posters	singers	surpass	tuning	videos	voiceand	wall	younger
before	booth	bought	changed	chemist	local	oh
only	schoolboy
band	called	decca	fun	gets	golden	got	has	hello	included	its	june	knows	list	lost	made	might	miming	net	presidents	recording	reflection	released	rock	romance	together	trend	video
wasnt
become	big	called	channels	dances	did	even	going	group	home	hurry	kingson	local	pm	star	such	teen	teenage	think	tv	went	where
died	do	greatest	itll	lovely	memoriesget	rip	start	today	your
angel	blue	christmas	gram	lps	orbison	roy	stereo
about	aunt	cousin	cute	dum	everywhere	go	haha	little	lonely	lot	only	orbison	roy	yeh
concert	got	pictures	took	visited	ya
awesome	bro	brother	cat	died	few	greatest	memory	roy	stevens	thats	think	though	tiein	whenever
bless	god
if	live	most	rubbish
nostalgia
fantastic	grandparents
girl	listened	little	lot
album	boyfriendsuch	loosing	wore
asked	because	couldnt	decades	developed	did	different	donehe	if	impossible	interview	learned	nobody	person	probably	roy	said	sang	someone	something	stylefrom	tell	told	why
able	appreciation	away	been	could	drop	enough	father	few	front	growing	has	lucky	november	pin	row	roy	said	sang	seats	see	since	such	uk	unfortunatley	weeks	went
able	done	fantastic	live	lot	past	quality	revisit	singers	superb	through	took	treasure	video	well	youtube
able	also	anyone	artist	by	charts	country	crossed	grows	happened	impeccable	over	perfection	pop	pure	record	shot	sung	technically	unforgettable	well	which
country	oldies
grannys	party
about	anything	kid	lou	nc	raleigh	ss	thought	top
bursting	country	dont	gave	girl	grandmoms	heart	hello	home	honey	house	little	over	playing	said	take	them	until	walls	why
country	girl	hearing	little
end	thought	yes
country	doing	during	help	its	kid	please	soulful	sweet
holiday	parentslovely
apply	lots	navy	today	words
child
grew	hall	party	rock	roll	teenager	town	tv
during	grand	growing	ole	opry
entertainment	forward	late	least	live	look	started	weekends
remembering
girlfriends	jukebox	wow
such
away	oh	ya	yes
mama	over
asked	barbadosi	barmaid	bought	coffeebar	daywith	dec	disc	hank	here	labelby	lp	middleeurope	name	next	paper	pickwickin	postings	rare	singinthis	songthe	store	timein	unknownthanks	wrote
brought	country	kind	long
hank	since
chair	clacki	clipy	daddy	go	rocking	sleep	use
getting	id	im	muchfirst	unbelievable	yokel	younger
being	country	fed	figure	force	go	kid
few
omg
eyes	gives	gold	grew	recall	tears
child	country	hood	into	remind	weeks	yes
admit	come	eyes	know	water	your
calling	child	country	find	grandparents	hate	hillbilly	myself	no	or	other	parents	reason	rock	than	whatever	wish
artists	black	do	night	saturday	seeing	sharing	sure	tv	white
around	delivered	heads	lovely	message	minutes	only	records	ring	singers	thumbs	unbelievable	well
bed	child	dancing	even	feel	imagine	place	sick
dancing	dont	lt	sad	stories	such	today
dancing	has	mother	only	parents	posting	watching	wedding
reminiscing
august	away	learned	memorymy	roller	skate	th
lovely	such
dads	everyday	family	happiness	teen
agomiss	dadmarried	yearsmy
drinks	family	few	friends	get	togethers
dance	definitely
about	by	club	engelbert	last	night	remind	waltz	yrs
grandma	grandpa	kind	ol
playing	radiogram	records
bad	lot
dance	end	forever	last	lingers	mind	must	nice	should	until	waltz
grandparents	lyricsits	seven	strange	understand
dancing	do	grandparents	hope	sweet	wherever
charge	church	got	liked	person	weddingi	went
around	aunts	dance	end	floor	im	late	man	mid	older	receptions	twirling	uncles	wedding
bring	engelbert	humperdinck
dance	gramophone	griffiths	has	instructions	mrs	primary	shouting	student	taking	teacher	us	waltz
already	because	cant	dadbecause	dance	danced	daughter	during	even	gonebut	hand	handshug	happened	hearti	hes	high	hold	juniorsenior	last	lend	nightthat	papa	promi	remained	saying	thing	tightsaying
boyfriend	sentimentalyahooo	sgood	theme
bus	fairground	girli	go	happiest	innocence	largs	little	pal	playing	remind	such	trip	waltzershappy	went
late
exgirlfriend
dayslove	remembering
bedroomlife	kitchen	mothers	playing	radiothat	sun	sunsetbelow	sweet
friend
british	club	legion	people	tranent
anniversary	danced	diamond	forever	last	parents	such	th	their	wedding	weekendbeautiful
danced	exact	record
died
nostalgic
daughter	died	mant	memoriesbefore
marvelous	tastefully
amazingyou	era	fell	grow	lucky	memory	musicthanks	where
anymore	blast	dont	house	little	make	past	playing	them
far	until
april	dancing	feb	jensen	june	living	remembering	room
anyonei	remembered
also	blasting	child	elvis	frank	full	gospel	grandma	grew	house	jones	mother	passion	presley	sinatra	tom
about	another	because	find	girlfriend	guy	kid	left	longtime	sad
funnyi	girl	kid	only	thought	yrs
everytime	granddad	phenomenal
has	mother	sunday
kid	reminding
anytime	because	careful	daddy	if
engelbert	glad	grew	high	im	real	released
coming	daddy	father	hang	home	im	loves	next	omg	philippines	year
child	grandfather	grandpa	heaven
feel	greati	itit	listened	make	missed	people	place	rewind	something	tried	where	wish
flashback	gone	july	only	remains	uncles
bottom	cause	creator	everything	father	granddaughter	heart	here	know	law	papa	right	youre
each
album	engelbert	humperdincks	list
closing	eyes	forever	help	lost	nothing	relive	remove	them	us	while	yesterday	your
pops	someone
if	ones	own	self	stirs	written
better	did	fantastic	go	heart	make	or	person	place	relive	sounds	special	way	your
bring	its	lonely	partner	please	sin	someone	sweet
songmemories	take
amazing	blast	buried	come	deep	growing	havent	its	mid	mind	past	power	real	seventies	something	suddenly	surface	transport	wow	your
amazing	child	damn	everything	feel	felt	gave	its	ok	parents	reminding	secure	sharing	should	such	world	wow	yet
right	thats
about	age	down	fantastic	lane	memory	omg	replaced	take	talk	trip
almost	lovely	posting	such	teary	vivid
band	by	catchy	magic	right	think	though	track	tune
agogood	brothers	childhoodlong	long	sistersthanks	uploading
classic	dont	make	nowadays	pilot	younger
by	dream	few	gone	happier	look	moments
bringing	by	comparison	feel	fore	kids	knew	looks	mattered	modern	more	musical	nostalgic	offerings	pale	real	realize	than	themselves	todays	youtube
closing	evokes	front	future	spend	twenty	wishing
im	mids	suddenly	teenager
afterwards	attendance	attractive	away	called	dairy	disco	doing	drive	driver	drivers	enjoyed	equipment	especially	fork	has	help	john	ladies	london	lots	lovely	mobile	other	pack	parties	ran	set	sloop	stay	take	truck	turn	various	west	worked
record
child	drop	emotional	middle	pilot	simpler
could	go	wish
brought	glad	pleasure	southam
birthday	buying	record	sister
did	uploading
part	pilot
tune
aunt	grace	remind
amazing	anthony	clich	concerned	full	no	walsh	where
also	any	by	cant	caught	different	dont	early	even	eye	get	girl	im	incurable	issue	know	later	look	months	more	motown	platform	realize	rock	romantic	think	though	undergraduate	vividly	why	woman
another	anyone	cheated	dated	else	has	if	man	married	marry	mary	melove	mother	name	naver	or	thornwell	waitmy
captivating	could	do	god	hi	holgmany	house	karaoke	mid	new	parties	rest	sang	soul	wish
aged	around	australia	belfast	both	child	died	drinking	incurable	left	missed	mother	murray	romantic	ruby	sadly	same	smoking	soon	sydney	too	victim	world
bless	brothers	heartthrob	innocent	more	older	ruby	simpler
another	awake	barrack	bond	fellows	nights	room	said	should	stay	sunday	ted	top	version
agotime	fast	gos	gram	magical	masters	moments	putting	yrs
died	mums
aussie	fan	keen	mad	sure	wow
looked	sounded
along	basco	bascos	been	beginning	brother	fellow	ginnie	ginny	going	grade	graduated	has	havu	its	knew	maddox	name	nickname	older	once	other	sang	skip	skipmy	skipper	spelt	students	teenage	th	their	together	virginia	walter
brewer	cleaning	dont	growing	hearing	house	shes	sounded	teresa	use
father	page	patti
boughtim	off	reach	record	where
last	made	playing	them	todays	youth
big	brewer	fan	father	kinda	lady	named	partial	sharing	teresa
amazing	billy	darling	do	heaven	jillian	least	most	place	playing	singer	us	week	whole	wide	wish	world	your	youtube
billy	eckstine	feel	full	hearing	melancholy	nostalgic	warm
billy	cardiff	concert	eckstine	met	see	sixty	together	uk	wales	went	wife
gem	made	posting	sharememories	superb
teen
alive	beach	bet	billy	boy	early	eckstein	golden	hed	if	island	live	long	only	parents	room	see	sounded	sounds	standing	took
bye	club	impersonate	kyrill	morgan	mr	trinant	use
family	lovely	nostalgic	singer
along	boone	clearly	danial	door	eds	green	hilarious	oddly
ames	boone	born	character	connect	daniel	didnt	ed	later	mingo	niece	playing	quite	series	until	well
around	born	dance	daughter	dont	hold	house	know	memory	months	precious	stumbled	sweet
almost	ames	carson	ed	hilarious	johnny	lost	manhood	show
being	generations	grandparents	head	since	stuck	through
born	child	clever	grandfather	lyrics	sang	voices
actually	baby	chorus	daughter	haha	ive	sharing	step	video	whole
born	literally	memory
been	brain	comes	down	embedded	fifty	filtered	flooding	granddaughter	grandsons	has	into	ive	later	little	nine	only	or	parts	since	subconscious	three	yes
above	adore	baby	beloved	daddy	father	heaven	high	kisses	listens	thousand
happier	reminder	safer	sincere
computer	did	experience	no	sit	today	well
could	covey	did	emotion	female	fifties	lyrics	singers	sixties	such	sweet	today	wish
born	entirety	its	lullaby	sang
another	army	bittersweet	exact	home	join	left	memory	morning	oldit	playing	record	story	thats	turned
away	boy	children	fortunately	going	goodbye	havent	jimmy	kid	later	married	named	older	raised	sang	say	sharing	since	sister	started	steady	two	until
age	brother	crying	died	hearts	jimmy	name	stopped	want
been	billy	boy	brother	far	felt	got	happier	id	jimmy	little	long	lullaby	mother	nickname	nicknamed	sad	sadnonetheless	sang	sharing	since	such	too	tyke	upbeat	while
been	brought	danced	eyes	girls	god	hurts	million	tears	terribly	them	thinking	tune	uploading
bless	by	dry	fifty	going	hand	look	mangle	putting	see	seven	shes	since	strong	through	us	washing	year
because	child	cry	funny	made	sister	thought
cry	girljust	little	older	see	sister
could	friend	july	left	over	see	wish
badly	been	could	died	even	get	gone	jimmy	may	over	see	though	try	well	wish
appeared	been	enjoy	lovely	posting	wanting
lovely	usa
shows	tv	watch
dickie	lovely	remembered	singer	valentine
nostalgia	singer
assets	consider	corn	crooner	dickie	earned	entertainer	guy	lovely	make	microphones	missed	near	no	period	rip	sadly	silk	singer	their	today	where	words	writers	writing
germany	munster	rtr
absolutely	ernie	feel	ford	forgotten	lovely	past	should	whenever
brilliant
crazy	mother	post	such
afn	army	germany	hdqrs	hit	luxembourg	most	night	seventh	stuttgart	uk	us	while
younger
believe	cant	crying	goneand	im	long	mans	oh	posting	sang	write
broken	copy	fifties	found	got	here	mine	pleased	put	way	youtube
age	high
morning	parents	saturday
kind	morning	sunday
youth	yrs
bring	could	dont	know	missing	must	people	wish
clasmate	danilo
brenda	dear	early	emotions	hearing	id	late	records	such	turn	year
boat	by	bye	decades	holds	missed	numerous	strong	way
could	during	lovely	meaningful	performing	see	them	turnback	wish
end	nostalgia	world
brenda	lee	pretty	such	well
beautifully	bring	classical	hauntingly
hearing	melody	sends	tune
booming	by	foley	gal	introduction	or	red	such	sure	tv	year
flies	oh	only	wow
anything	backwards	being	by	currently	enriched	era	exchange	fact	forwards	garbage	goes	going	issues	kids	lives	matter	no	previous	teen	terrific	their	tune	wise
high	sad	senior
explosion	happening
brenda	davis	didnt	exposed	grew	know	skeeter	soul	until	version
brenda	crush	lee	lol	older	than	two
big	bless	chart	found	god	later	only	sad	sister	sisters	whystill
artistgreetings	brilliant	everlasting	ireland	youth
davis	do	hard	skeerter
broke	down	left	sixties
being	ends	guess	human	its	knowing	literally	little	lots	meantnot	nostalgiai	reasons	someones	suppose	toddler	world
away	because	cancer	early	growing	lord	sister	took
video
bring	thankful	youtube
apart	clock	could	drifted	gail	if	only	turn
film	grow	hit	its	knowing	make	sad	stars	them
asking	been	better	bringing	lived	seirus	station	which	why	world
november	remembering	take
another	dont	dreams	has	kind	know	magical	mesmerizes	nostalgias	soul	spell	word
fav	late	lonely	sister	us
cry	youth
adore	nostalgic
accident	also	avery	bad	basketball	big	brenda	champs	dear	devistating	died	friend	girl	got	graduation	grandfather	high	junior	kennedy	lost	night	part	president	second	senior	shoot	since	singer	small	state	well	where	year
absorbed	been	knew	may	sang	sleep	understood	word
enough	liked	meaning	understand
across	cement	childwhen	hardenedso	has	ive	long	reallytakes	since	songthe	stumbled	thisgreat	version	wet	world
barber	cant	cents	during	go	haircut	home	lunch	morning	no	paid	plus	saturday	shop	sitting	snowy	sounds	tip	waiting	went	winter
dedicated	tara
lovely	nostalgia	pictures	sad	sweet
come	omgearly	please
car	grandfather	heaven	hes	way
during
brother	elder	fantastic	popular
angstchilds	challenges	real	teenage
age	died	parents	witch
cruise	dances	did	everything	generation	goes	head	living	moms
afterlove	away	gradei	hope	kind	maggie	man	moved	oh	shortly	th
car	im	oldies	only	others	ps	station
bring
bodies	bouncers	dances	didnt	dont	drugs	each	favourite	girl	high	know	longgone	missing	money	mutilate	night	no	or	other	ourselves	park	parties	piercings	police	refreshing	respected	rock	spend	summer	tattoos	tenderness	today	your	youth
anybody	did	feel	got	ooh	pain	reminded	same	sweet
away	both	boyfriend	friend	kept	over	playing	shame	stole	them
woman
boarding	by	children	choice	comes	dont	due	felt	grandchildren	hoping	looking	mind	money	mother	nor	or	sharing	thirteen	visit	windows
bring	go	sure
being	by	dumped	emotions	full	girlfriend	loss
hit	top
evokes
yes
age	ageless	already	appreciate	artists	connie	francis	knew	others	parents	taught	us
boy	high	long
changed	during	glad	gorgeous	handsome	history	human	humanity	knew	men	most	movies	must	people	pity	say	well	wise	women	word	worse	youngster
away	heart	lonely	medicine	oldies	ones	parents
marvelous	moments	nice
happened	memory	voicethis	wowwhat
betterand	bless	brenda	child	god	lee	make	marvelous	may	singer
feel	million	them	today
heart	nostalgic	sounds
before	believe	cant	forgive	instantly	missed	today
missed
ate
boymy	come	father	find	here	herel	itnow	little
even	marvelous	moments
dear	remembering	sironaca
about	forgot	memory	thats
cared	only	singer	teenager
bringing	memoriesthey
mean	older
along	friends	going	here	korea	lyrics	memorize	over	popular	speakers	through	town
alabama	allowance	anything	brenda	buy	case	cent	couldnt	earnings	earplug	else	everyday	fair	got	greater	gulf	japanese	lee	little	meet	minute	mobile	night	performance	performed	records	single	sleep	state	stayed	think	transistor	went
dates	doze	early	get	hope	lovely	off	right	snow	snowy	south	upper	us	winter
bring	nice	simpler	them	tunecatchy
awesome
around	contest	danced	dancers	early	most	part	party	philippines	romantic	sister	think
by	same	stays
everyone	made
benson	reason	robbie	tune
brought	sears	wow
oh	simple	them
about	backlash	could	peers	social	worry	your
age	because	didnt	english	even	know	learned	oh	though
does	during	early	flood	germany	mind	stationed	usaf	wow
brought	child	commercial	sweet	tv
ex	rides	sunday
although	cupcakes	didnt	film	has	hot	long	mellowed	nostalgia	other	saw	soundtrack	summers	teenager	wanted
another	classic
agosears	brought	over	well	which	words	yesterday
by	evokes	gone	timeless	yearn
allsome	come	distant	gone	hearing	hope	however	karen	lives	long	lost	new	ones	past	think	through	totally	us	while
another	chinese	deeply	english	forget	memory	nearly	say	small	teenager	town	twenty	two
backyard	being	kind	outside	own	patio	playing	sitting	softly	stations	sun	wonder
band	round	someone	sound	wish
awesome	being	cant	go	kid	knock
father	morning	mother	sung	while	woke
albums	friends	precious	teen
about	kid	little
oldies	past	tears
group	holds
aunts	dance	house	record	stereo
incredible	wow
certainly	dances	did	find	hard	heart	memorable	most	records	smile	stand	tracks	year
lady	special	way
definitely
fell	grade	graduation	high	john	jr	real	summer	th	wannamaker	year
australia	by	camping	cassette	deck	fishing	get	gets	glimpses	lonely	north	nostalgia	older	or	passes	past	playing	quickly	remote	sometimes	though	through	twin	western	year
conversation	dance	drink	fantastic	has	hold	intro	mobile	people	phone	right	seen	summer
college	dream	got	graduated	ibm	job
marvellous	miracles
chester	heart	pa	sweet
box	bring	cd	damn	danced	kid	listened	room	world	worry
get	hearing	homesick	oldies
angel	comparing	girl	idea	listened	long	merry	nice	perhaps	year	yester
did	disc	dont	get	got	home	penny	player	record	rpm	save
driving	grade	im	man	playing	riding	son	way
beach	being	by	car	fell	felt	grandma	memory	or	summer	sunny	thats
aged	belts	disco	funfair	holiday	its	minehead	nearly	no	off	records	safety	spinning	summer	thrown	waltzer
artists	group
oldi	taken	want	whenever
actually	dancing	fun	soul	train	watching
actually	air	angels	behind	blue	brand	called	crowd	eagle	entire	fighter	flight	flying	introduced	jet	large	little	man	new	only	perform	pilot	plane	routine	saw	show	speakers	strike	through	went
its	wow
bbc	chicago	dancing	disco
appear	because	generation	make	new	nostalgia	want
daysgreetings	dec	northern	part	philippinesmabuhay	reminiscing
before	extreme	karen	longing	nostalgia	period	reason	rip	way
across	bring	yeas
beat	beautifully	cancer	carpenters	close	cry	did	doing	each	forever	friend	havent	hope	identical	if	joy	karaoke	karen	karens	last	liked	lost	made	or	remind	said	swear	talked
by	changed	gone	has	looking	rather	sad	seems	today
memory
awesome	material	nostalgic	rip	sweet	tune
boy	chinese	country	freedom	grandma	mcdonald	missed	people	want	world
kid	want
lovely
about	carefree	cry	forever	its	kept	only	places	remain	reminded	right	things
better	funner	less	simpler	tech	world
come
car	carpenters	riding	their	tunes
about	everything	jeez	parents
early	growing
august	carpenters	exactly	husband	met	nice	today
being	by	fast	looking	sad	teenager	think
cassette	cassettes	change	collection	growing	keeps	more	no	nostalgia	only	playing	tape	through
cry
daughter	july	nd	remembering
dated	girl	im	impossible	june	lane	lot	memory	owed	pay	taught	today
nostalgic
dubai	full	june	memoriesgreat	th	unforgettable
by	cried	did	elementary	feeling	flies	getting	listened	lyrics	quite	stronger	understand
cause	crying
brought	eyes	friend	reminded	sang	since	tears	today
anymore	anything	because	before	cant	changed	do	fast	fix	innocent	its	oh	or	past	people	person	relive	sad	tears	things	youre
alive	comment	commonnow	doing	everything	eye	find	gives	gonna	goosebumps	got	ha	if	ill	im	internet	isnt	leave	maybe	nostalgic	or	since	sometimes	teary	where
august	been	cry	itbrings	la	nonstop	sha	shines	sincei	woah
arrangement	boy	drum	its	lyrics	oh	perfection	sweet
age	around	died	flash	grandma	missed
bring	do	floods	girl	head	hearing	little	lot	no	off	playing	recently	where
come	growing	here	june	nostalgia
absolutely	apologies	bad	because	blow	feel	grammartical	habit	its	make	melody	mistakes	relaxed	secondary	send	since	steam	student	such	want
although	backseat	car	do	english	even	kindergarten	know	learned	means	mums	year
africa	east	kenya	teenager
angel	away	carpenter	karen	may	mother	rip
about	although	angel	big	called	contemporaries	course	friends	glad	graduated	hs	knew	oldies	sisters	teen	well	words
compare	fast	flies	st
kindergarten	made	past	teacher
boy	bring	changed	has	high	junior	smiles	tears	teenage
died	feel	grandmother	little	nostalgic	remembered	sad	which
along	bring	cry	grow	memoriesjust	see	songlistening
finally	find
mp	player	remembered	since
beside	go	longing
feel	forever	greatest	hit	september
everytime	kid	kind	musics	parents	traveling
clearly	comeback	noise	omg
amazing	been	feel	made	night	since	sleep
brought	cassette	classic	kid
early	elementary
cried	forever	getting	healthy	older	oneway	people	realized	return	sell	stay	them	ticket	want
bring	hahaha	nice
away	before	behind	beloved	friends	leaving	memory	nearer	past	unforgettable	which	while
able	afford	already	band	break	broadcasted	carmen	castes	china	classic	conservative	could	country	enough	faction	firm	here	image	iron	memory	player	poor	rules	streets	strong
could	cry	karen	lost	painful	sadly	today	todays	way	weird	wish	world	yesterday
babychildhood	carpenters	hit	loud	lullabydamngood	sang	tapelol	timesand	yes
timebrings	top
anymore	here	them
againwhere	along	bemy	canadian	carole	dating	experienced	flautist	free	french	lives	more	once	others	place	responsibilities	student	thats	through	transports	where	yesterday
boy	long	mind	primary	romantic
deceased	nostalgia	sentimentality
kid	memory
them
about	beautifulso	begin	girlsand	myself	romanticand	romanticism	said	songso	vision
behind	carpenters	couldnt	introduced	karen	left	putting	repeat	sad	stay
car
album	around	arrangements	bringing	brothers	cathy	fell	floor	house	karens	living	masterpiece	neighbor	noneshe	over	player	pop	princess	record	room	sat	second	singles	thats
about	away	brother	children	hearing	younger
forget	grade	sixth
die	hard	youthmemories
bring	happiest	memory
come	grew	heart	nice	touches
more	once	yesterday
could	decency	meaning	more	once	wish	yesterday
also	bad	come	sleep
cry	made
go	once	only	want
along	australian	cargo	coast	communication	composition	destination	did	headed	its	melbourne	mesmerized	purchased	reaching	receiver	record	rpm	sailing	ship	station	store	style	suddenly	thing	unknown	way
fresh	give	missed	sadly	sounds	today
afternoon	cassette	sunday	vibes
almost	been	everytime	its	kid	listened	piece	since
certainly	cried	elementary	english	grade	id	sure	th	waiting
awaybutwhen	gonelike	melted	more	moreonce	once	songsits	theyre	yesterdayyesterday
about	attention	been	big	century	coming	desoto	everytime	face	fathers	grabbed	half	has	honestly	karen	later	left	liked	nearly	or	rich	riding	say	seat	smile	soon	too	truly	us	yours
happiest	sad
bringing	karen	lots	most	such
familiar	lyrics	rhythm	take
clearly	come
actually	family	friends
almost	beach	being	fl	ft	go	more	once	spent	two	vacation	walton	weeks	yesterday
come	cry	even	friend	lost	make	nowlong	once	show	where	yesterdays
bestbrings	fond	golden	top
